source,keyword,id,page_url,download_url,width,height,duration_sec,tags,views,downloads,license
Pixabay,cat walking,4762,https://pixabay.com/videos/id-4762/,https://cdn.pixabay.com/video/2016/08/22/4762-179741133_large.mp4,1920,491,5,"jaguar, wildcat, pet, animal, feline, cat, carnivore, walking, fur, predator, dangerous, wild, 167402447",36619,13193,"Pixabay Content License (CC0-like, free for commercial/non-commercial use)"
Pixabay,cat walking,56375,https://pixabay.com/videos/id-56375/,https://cdn.pixabay.com/video/2020/11/14/56375-479358459_large.mp4,1920,1080,6,"cat, cartoon, animal, kawaii, anime, character, walking, pet, toy, education, presentation, background, drawn, funny, cute, loop, animation, funny cat, lion, beautiful wallpaper, tiger, dog, manga, wild",112206,34536,"Pixabay Content License (CC0-like, free for commercial/non-commercial use)"
Pixabay,cat walking,70854,https://pixabay.com/videos/id-70854/,https://cdn.pixabay.com/video/2021/04/12/70854-536317041_large.mp4,2560,1440,8,"tiger, cat, feline, predator, walking, animal, nature, dangerous, endangered, jungle, safari, carnivore, exotic, ferocious, hunter, pet, hunting, wildlife, captivity, outdoors, endangered species",114472,71405,"Pixabay Content License (CC0-like, free for commercial/non-commercial use)"
Pixabay,cat walking,77316,https://pixabay.com/videos/id-77316/,https://cdn.pixabay.com/video/2021/06/11/77316-561991002_large.mp4,1920,1080,61,"woman, model, cat walk, fashion, female, elegant",11121,3590,"Pixabay Content License (CC0-like, free for commercial/non-commercial use)"
Pixabay,cat walking,75550,https://pixabay.com/videos/id-75550/,https://cdn.pixabay.com/video/2021/05/28/75550-556034413_large.mp4,1920,1080,21,"model, cat walk, fashion show, dress, female, clothing, elegance",24281,8946,"Pixabay Content License (CC0-like, free for commercial/non-commercial use)"
Pixabay,cat walking,92641,https://pixabay.com/videos/id-92641/,https://cdn.pixabay.com/video/2021/10/20/92641-637274941_large.mp4,1920,1080,6,"cat, walk, walking, animal, pet, 2d, green screen, green, screen, effect",17561,9727,"Pixabay Content License (CC0-like, free for commercial/non-commercial use)"
Pixabay,cat walking,278895,https://pixabay.com/videos/id-278895/,https://cdn.pixabay.com/video/2025/05/14/278895_large.mp4,1920,1080,15,"kitten, first steps, white kitten, adorable cat moments, baby kitten walking, happy cat, newborn kitten, fluffy kitten",3407,2044,"Pixabay Content License (CC0-like, free for commercial/non-commercial use)"
Pixabay,cat walking,305628,https://pixabay.com/videos/id-305628/,https://cdn.pixabay.com/video/2025/09/21/305628_large.mp4,1920,1080,5,"cat, animal, nature, mammal, funny cat, feline, pet, cute, whiskers, fur, wildlife, tabby, domestic, cartoon, funny, humor, sticker, overlay, walking, strolling, fat, overweight",1721,354,"Pixabay Content License (CC0-like, free for commercial/non-commercial use)"
Pixabay,cat walking,327642,https://pixabay.com/videos/id-327642/,https://cdn.pixabay.com/video/2026/01/14/327642_large.mp4,3872,2160,10,"tabby cat, cat, walking, running, action, hunting, domestic cat, predator, feline, fur, stripes, outdoor, nature, movement, dynamic, daylight, gravel, bokeh, sharp, whiskers, tail, ears, paws, wildlife, close-up",700,386,"Pixabay Content License (CC0-like, free for commercial/non-commercial use)"
Pixabay,cat walking,108634,https://pixabay.com/videos/id-108634/,https://cdn.pixabay.com/video/2022/02/23/108634-681705327_large.mp4,1920,1080,35,"cat, feline, pet, domestic, to walk",6177,3672,"Pixabay Content License (CC0-like, free for commercial/non-commercial use)"
Pixabay,cat walking,263732,https://pixabay.com/videos/id-263732/,https://cdn.pixabay.com/video/2025/03/10/263732_large.mp4,1080,1920,13,"lion, big cat, wildlife, predator, walking, majestic, savannah, nature, fierce, powerful, golden mane, wild animal, africa, jungle king, intense gaze, dominance, safari",7357,5300,"Pixabay Content License (CC0-like, free for commercial/non-commercial use)"
Pixabay,cat walking,9932,https://pixabay.com/videos/id-9932/,https://cdn.pixabay.com/video/2017/06/14/9932-221773840_large.mp4,1920,1080,20,"bulgaria, old mountain, central balkan, chalet mazalat, cat, green field, tops, wolf head, nature, tourism, forest, view, walk, mountain, an array of triglav, the peak of the big kademlia, fauna, green, trees",17684,5023,"Pixabay Content License (CC0-like, free for commercial/non-commercial use)"
Pixabay,cat walking,236681,https://pixabay.com/videos/id-236681/,https://cdn.pixabay.com/video/2024/10/16/236681_large.mp4,2160,3840,7,"cats, chair, walk, ears, curious, terrace, lodge, domestic, paws, animals, eyes, mustache, fur, animal, nature, mammal, fauna, cute, veranda, domesticated, kitten, sunny, muzzle",4040,2212,"Pixabay Content License (CC0-like, free for commercial/non-commercial use)"
Pixabay,cat walking,318833,https://pixabay.com/videos/id-318833/,https://cdn.pixabay.com/video/2025/11/29/318833_large.mp4,3840,2160,7,"cat, cat green screen, green screen cat, chroma key, green screen, green screen effect, cat green screen video, cat videos, cat video green screen, cat green screen free, cat walking, nature, who created",1924,1352,"Pixabay Content License (CC0-like, free for commercial/non-commercial use)"
Pixabay,cat walking,360793,https://pixabay.com/videos/id-360793/,https://cdn.pixabay.com/video/2026/06/26/360793_large.mp4,3840,2160,5,"ai generated, black panther, panther, leopard, big cat, wildlife, wild animal, predator, jungle, rainforest, tropical forest, river, water, crossing river, walking, animal movement, wildlife footage, nature video, wildlife video, nature documentary, exotic animal, jungle animal, nature background",23,11,"Pixabay Content License (CC0-like, free for commercial/non-commercial use)"
Pixabay,cat walking,359118,https://pixabay.com/videos/id-359118/,https://cdn.pixabay.com/video/2026/06/18/359118_large.mp4,1920,1080,5,"ai generated, cat, pet, animal, cute, curious, walking, walk, green screen",44,40,"Pixabay Content License (CC0-like, free for commercial/non-commercial use)"
Pixabay,cat walking,347105,https://pixabay.com/videos/id-347105/,https://cdn.pixabay.com/video/2026/04/17/347105_large.mp4,3872,2159,5,"cat, rocks, nature, stone, hiding, walking, animal, feline, outdoor, sunlight, shadow, tuxedo cat, stray, explorer, paws, fur, pet, mountain, wilderness, movement, wildlife, alert, grey, environment, curious",92,29,"Pixabay Content License (CC0-like, free for commercial/non-commercial use)"
Pixabay,cat walking,185562,https://pixabay.com/videos/id-185562/,https://cdn.pixabay.com/video/2023/10/18/185562-875823701_large.mp4,1920,1080,5,"cat, funny cat, pink, walk, funny, cute",616,131,"Pixabay Content License (CC0-like, free for commercial/non-commercial use)"
Pixabay,cat walking,317861,https://pixabay.com/videos/id-317861/,https://cdn.pixabay.com/video/2025/11/24/317861_large.mp4,3840,2160,18,"cat, animal, feline, fur, nature, mammal, fauna, observe, look, ride, street, city, paws, tail, walk, street cat, attentive, park, dead leaves, fall, cute, vigilance, ears, mustache, grey",342,99,"Pixabay Content License (CC0-like, free for commercial/non-commercial use)"
Pixabay,cat walking,257903,https://pixabay.com/videos/id-257903/,https://cdn.pixabay.com/video/2025/02/12/257903_large.mp4,2160,3840,5,"cat, animal, feline, fur, nature, mammal, whiskers, fauna, observe, look, ride, city, paws, tail, walk, street cat, stairs, attentive, park, wandering, vigilant, tiger, sunny, grass, movement",1061,424,"Pixabay Content License (CC0-like, free for commercial/non-commercial use)"
Pixabay,cat walking,339296,https://pixabay.com/videos/id-339296/,https://cdn.pixabay.com/video/2026/03/10/339296_large.mp4,3840,2160,32,"cat, animal, nature, mammal, scott, fur, curious, tabby, cats, cute, animals, to walk, street, walk, park, forest, sunny, garden, city",161,80,"Pixabay Content License (CC0-like, free for commercial/non-commercial use)"
Pixabay,cat walking,272753,https://pixabay.com/videos/id-272753/,https://cdn.pixabay.com/video/2025/04/18/272753_large.mp4,1920,1080,10,"panther, wildlife, animal, silhouette, cat, big cat, lion, tiger, black, green background, predator, power, strength, walking, mammal, beast",505,128,"Pixabay Content License (CC0-like, free for commercial/non-commercial use)"
Pixabay,cat walking,279700,https://pixabay.com/videos/id-279700/,https://cdn.pixabay.com/video/2025/05/17/279700_large.mp4,1920,1080,10,"silhouette, lion, animal, wildlife, walking, big cat, predator, mane, tail, strength, power, royalty, green screen, chroma key, green background, mammal, wild animal",576,253,"Pixabay Content License (CC0-like, free for commercial/non-commercial use)"
Pixabay,cat walking,269898,https://pixabay.com/videos/id-269898/,https://cdn.pixabay.com/video/2025/04/04/269898_large.mp4,1920,1080,24,"lion, mane, pride, african lion, male lion, king of the jungle, leo, lion face, wild lion, big cat, hunting, lion running, carnivore, cat, predator, wildlife, walk, safari, african-nature, confident-behavior, fierce-strength",786,282,"Pixabay Content License (CC0-like, free for commercial/non-commercial use)"
Pixabay,cat walking,269899,https://pixabay.com/videos/id-269899/,https://cdn.pixabay.com/video/2025/04/04/269899_large.mp4,1920,1080,24,"lion, mane, pride, african lion, male lion, king of the jungle, leo, lion face, wild lion, big cat, hunting, lion running, carnivore, cat, predator, wildlife, walk, safari, african-nature, angry-roar, confident-behavior, fierce-strength",675,250,"Pixabay Content License (CC0-like, free for commercial/non-commercial use)"
Pixabay,cat walking,269904,https://pixabay.com/videos/id-269904/,https://cdn.pixabay.com/video/2025/04/04/269904_large.mp4,4096,2160,12,"mufasa, simba, lion king, lion, mane, pride, african lion, male lion, king of the jungle, leo, lion face, wild lion, big cat, hunting, lion running, carnivore, cat, predator, wildlife, walk, safari, african-nature, angry-roar, confident-behavior, fierce-strength",452,112,"Pixabay Content License (CC0-like, free for commercial/non-commercial use)"
Pixabay,cat walking,269906,https://pixabay.com/videos/id-269906/,https://cdn.pixabay.com/video/2025/04/04/269906_large.mp4,4096,2160,11,"mufasa, simba, lion king, lion, mane, pride, african lion, male lion, king of the jungle, leo, lion face, wild lion, big cat, hunting, lion running, carnivore, cat, predator, wildlife, walk, safari, african-nature, angry-roar, confident-behavior, fierce-strength",510,100,"Pixabay Content License (CC0-like, free for commercial/non-commercial use)"
Pixabay,cat walking,39009,https://pixabay.com/videos/id-39009/,https://cdn.pixabay.com/video/2020/05/13/39009-420224623_large.mp4,1920,1080,11,"cat, sleep, animal, pet, cozyness, white cat, domestic cat",223431,67243,"Pixabay Content License (CC0-like, free for commercial/non-commercial use)"
Pixabay,cat walking,179212,https://pixabay.com/videos/id-179212/,https://cdn.pixabay.com/video/2023/09/05/179212-861403629_large.mp4,1920,1080,15,"cat, orange cat, animal, domestic cat, cute, redhead, wildlife, pet, slow motion",81070,48098,"Pixabay Content License (CC0-like, free for commercial/non-commercial use)"
Pixabay,cat walking,7795,https://pixabay.com/videos/id-7795/,https://cdn.pixabay.com/video/2017/02/12/7795-204506406_large.mp4,1920,1080,11,"spider, arachnid, insect, octapod, animal, walking spider, wood trunk",91681,44835,"Pixabay Content License (CC0-like, free for commercial/non-commercial use)"
Pixabay,cat walking,269905,https://pixabay.com/videos/id-269905/,https://cdn.pixabay.com/video/2025/04/04/269905_large.mp4,4096,2160,11,"mufasa, simba, lion king, lion, mane, pride, african lion, male lion, king of the jungle, leo, lion face, wild lion, big cat, hunting, lion running, carnivore, cat, predator, wildlife, walk, safari, african-nature, angry-roar, confident-behavior, fierce-strength",488,72,"Pixabay Content License (CC0-like, free for commercial/non-commercial use)"
Pixabay,cat walking,65438,https://pixabay.com/videos/id-65438/,https://cdn.pixabay.com/video/2021/02/17/65438-514139134_large.mp4,3840,2160,10,"cat, feline, animal, mammal, kitten, eyes, young, hairy, muzzle, pet, sitting, cute, live wallpaper",428945,172512,"Pixabay Content License (CC0-like, free for commercial/non-commercial use)"
Pixabay,cat walking,3166,https://pixabay.com/videos/id-3166/,https://cdn.pixabay.com/video/2016/05/12/3166-166338935_large.mp4,1920,1080,15,"walking the dog, border-collie, dog, pet, animal, woman, canine, walk, walking dog",74247,23808,"Pixabay Content License (CC0-like, free for commercial/non-commercial use)"
Pixabay,cat walking,39010,https://pixabay.com/videos/id-39010/,https://cdn.pixabay.com/video/2020/05/13/39010-420224640_large.mp4,1920,1080,11,"cat, sleep, white cat, pet, domestic cat, animal, house cat",38543,16130,"Pixabay Content License (CC0-like, free for commercial/non-commercial use)"
Pixabay,cat walking,137614,https://pixabay.com/videos/id-137614/,https://cdn.pixabay.com/video/2022/11/03/137614-767056227_large.mp4,3556,2048,8,"advent, beautiful wallpaper, christmas time, cat, animal, british shorthair, candlelight, candle, decoration, background, pet, flame",59141,31820,"Pixabay Content License (CC0-like, free for commercial/non-commercial use)"
Pixabay,cat walking,39011,https://pixabay.com/videos/id-39011/,https://cdn.pixabay.com/video/2020/05/13/39011-420224644_large.mp4,1920,1080,17,"cat, white, pet, white cat, animal, domestic cat, house cat",27862,11879,"Pixabay Content License (CC0-like, free for commercial/non-commercial use)"
Pixabay,cat walking,1297,https://pixabay.com/videos/id-1297/,https://cdn.pixabay.com/video/2015/11/10/1297-145340141_large.mp4,1920,1080,28,"cat, tabby cat, thai cat, animal, musk, pet, musk pattern",68622,37574,"Pixabay Content License (CC0-like, free for commercial/non-commercial use)"
Pixabay,cat walking,32218,https://pixabay.com/videos/id-32218/,https://cdn.pixabay.com/video/2020/02/11/32218-390916595_large.mp4,1920,1080,18,"cat, music, beautiful wallpaper, background, pet, animal, funny cat",235769,69549,"Pixabay Content License (CC0-like, free for commercial/non-commercial use)"
Pixabay,cat walking,39013,https://pixabay.com/videos/id-39013/,https://cdn.pixabay.com/video/2020/05/13/39013-420224653_large.mp4,1920,1080,17,"cat, sleep, fluffy, white cat, animal, pet, domestic cat, house cat",17686,6897,"Pixabay Content License (CC0-like, free for commercial/non-commercial use)"
Pixabay,cat walking,3092,https://pixabay.com/videos/id-3092/,https://cdn.pixabay.com/video/2016/05/11/3092-166221773_large.mp4,1920,1080,23,"cute cat, funny cat, kitten, domestic, pet, adorable, small, cleaning",506053,189625,"Pixabay Content License (CC0-like, free for commercial/non-commercial use)"
Pixabay,cat walking,53076,https://pixabay.com/videos/id-53076/,https://cdn.pixabay.com/video/2020/10/22/53076-472531818_large.mp4,1920,1080,20,"cat, animal, domestic animal, cute, to stroll, nature, domestic cat, pet, slow motion",51229,25323,"Pixabay Content License (CC0-like, free for commercial/non-commercial use)"
Pixabay,cat walking,18284,https://pixabay.com/videos/id-18284/,https://cdn.pixabay.com/video/2018/09/18/18284-291012863_large.mp4,1920,1080,31,"cat, playful, big eyes, sweet, cute, play, cat face, domestic cat, pet, animal, animal world",101150,57576,"Pixabay Content License (CC0-like, free for commercial/non-commercial use)"
Pixabay,cat walking,131987,https://pixabay.com/videos/id-131987/,https://cdn.pixabay.com/video/2022/09/20/131987-751915295_large.mp4,1920,1080,18,"cat, feline, curious cat, black cat, observing, home, pet, domestic, animal",29800,14067,"Pixabay Content License (CC0-like, free for commercial/non-commercial use)"
Pixabay,cat walking,167029,https://pixabay.com/videos/id-167029/,https://cdn.pixabay.com/video/2023/06/13/167029-835960468_large.mp4,3840,2160,10,"cat, pet, head, animal, domestic cat, portrait, wildlife, cute",43698,16724,"Pixabay Content License (CC0-like, free for commercial/non-commercial use)"
Pixabay,cat walking,37131,https://pixabay.com/videos/id-37131/,https://cdn.pixabay.com/video/2020/04/25/37131-413256539_large.mp4,1920,1080,25,"cat, calico cat, cat on stone wall, calico cat on stone wall, feline, pet, animal, complacent, complacent cat, stone wall, rock wall, domestic shorthair, domestic short hair, fur, furry, cute",80251,42352,"Pixabay Content License (CC0-like, free for commercial/non-commercial use)"
Pixabay,cat walking,2879,https://pixabay.com/videos/id-2879/,https://cdn.pixabay.com/video/2016/04/23/2879-163914755_medium.mp4,0,0,11,"cat, feline, mascot, animal, cat face, tabby, pet, look, feline look",200075,105660,"Pixabay Content License (CC0-like, free for commercial/non-commercial use)"
Pixabay,cat walking,130139,https://pixabay.com/videos/id-130139/,https://cdn.pixabay.com/video/2022/09/03/130139-746386404_large.mp4,1920,1080,22,"cat, pet, feline, black cat, fatigue, rest, sleep, animal",32409,15420,"Pixabay Content License (CC0-like, free for commercial/non-commercial use)"
Pixabay,cat walking,46226,https://pixabay.com/videos/id-46226/,https://cdn.pixabay.com/video/2020/08/02/46226-447422835_large.mp4,1920,1080,12,"cat, window, pet, animal, white cat, kitty",30357,16147,"Pixabay Content License (CC0-like, free for commercial/non-commercial use)"
Pixabay,cat walking,156928,https://pixabay.com/videos/id-156928/,https://cdn.pixabay.com/video/2023/03/31/156928-813735457_large.mp4,1080,1920,24,"sheep, lamb, wool, animal, livestock, walking, flock, cute, nature",17951,8481,"Pixabay Content License (CC0-like, free for commercial/non-commercial use)"
Pixabay,cat walking,111138,https://pixabay.com/videos/id-111138/,https://cdn.pixabay.com/video/2022/03/18/111138-689925455_large.mp4,1920,1080,10,"cat, leopard, pet, wild cat, wild, animal",20003,11033,"Pixabay Content License (CC0-like, free for commercial/non-commercial use)"
Pixabay,cat scratching,132298,https://pixabay.com/videos/id-132298/,https://cdn.pixabay.com/video/2022/09/23/132298-753186473_large.mp4,2562,1440,5,"cat, kitten, pets, animal, scratch your ears, mammal, cute, dynamic",901,259,"Pixabay Content License (CC0-like, free for commercial/non-commercial use)"
Pixabay,cat scratching,227914,https://pixabay.com/videos/id-227914/,https://cdn.pixabay.com/video/2024/08/23/227914_large.mp4,3840,2160,5,"cat, spotted, itch, scratch, yard, animal, tail",516,272,"Pixabay Content License (CC0-like, free for commercial/non-commercial use)"
Pixabay,cat scratching,125147,https://pixabay.com/videos/id-125147/,https://cdn.pixabay.com/video/2022/07/23/125147-732837117_large.mp4,1920,1080,13,"highlander, cattle, animal, mammal, farm, rural, scratching",10136,4201,"Pixabay Content License (CC0-like, free for commercial/non-commercial use)"
Pixabay,cat scratching,207788,https://pixabay.com/videos/id-207788/,https://cdn.pixabay.com/video/2024/04/12/207788_large.mp4,1920,1080,20,"pelican, beak, feathers, animal, fishing boat, looking, marina, nautical vessel, outdoors, scratching, sea, sitting, nature",1108,289,"Pixabay Content License (CC0-like, free for commercial/non-commercial use)"
Pixabay,cat scratching,207786,https://pixabay.com/videos/id-207786/,https://cdn.pixabay.com/video/2024/04/12/207786_large.mp4,1920,1080,20,"pelican, bird, feathers, beak, fishing boat, sea, marina, nature, nautical vessel, outdoors, scratching, sitting, sky, sunlight, animal",1023,290,"Pixabay Content License (CC0-like, free for commercial/non-commercial use)"
Pixabay,cat scratching,207793,https://pixabay.com/videos/id-207793/,https://cdn.pixabay.com/video/2024/04/12/207793_large.mp4,1920,1080,16,"pelicans, birds, feathers, beaks, fishing boat, sea, marina, nature, nautical vessel, outdoors, scratching, sitting, sky, sunlight, animals",1365,579,"Pixabay Content License (CC0-like, free for commercial/non-commercial use)"
Pixabay,cat scratching,207787,https://pixabay.com/videos/id-207787/,https://cdn.pixabay.com/video/2024/04/12/207787_large.mp4,1920,1080,11,"pelicans, birds, feathers, beaks, fishing boat, sea, marina, nature, nautical vessel, outdoors, scratching, sitting, sky, sunlight, animals",1587,631,"Pixabay Content License (CC0-like, free for commercial/non-commercial use)"
Pixabay,cat scratching,207791,https://pixabay.com/videos/id-207791/,https://cdn.pixabay.com/video/2024/04/12/207791_large.mp4,1920,1080,38,"pelican, bird, beak, feathers, animal, fishing boat, looking, marina, nautical vessel, outdoors, scratching, sea, sitting, animal wildlife, coastline, harbor, pier, nature",1118,250,"Pixabay Content License (CC0-like, free for commercial/non-commercial use)"
Pixabay,cat scratching,46230,https://pixabay.com/videos/id-46230/,https://cdn.pixabay.com/video/2020/08/02/46230-447422850_large.mp4,1920,1080,7,"cat, pet, animal, window, waiting, looking, white cat",30915,18246,"Pixabay Content License (CC0-like, free for commercial/non-commercial use)"
Pixabay,cat scratching,122175,https://pixabay.com/videos/id-122175/,https://cdn.pixabay.com/video/2022/06/26/122175-724743522_large.mp4,3840,2160,29,"cat, mackerel, domestic cat, pet, domestic animal, animal",24369,11688,"Pixabay Content License (CC0-like, free for commercial/non-commercial use)"
Pixabay,cat scratching,141630,https://pixabay.com/videos/id-141630/,https://cdn.pixabay.com/video/2022/12/04/141630-777930602_large.mp4,3840,2160,12,"cat, kitten, kitty, pet, cute, animal, cat eyes, eyes",21013,10519,"Pixabay Content License (CC0-like, free for commercial/non-commercial use)"
Pixabay,cat scratching,129992,https://pixabay.com/videos/id-129992/,https://cdn.pixabay.com/video/2022/09/02/129992-746164384_large.mp4,1920,1080,19,"tige, white tiger, pet, feline, cat, wild cat, animal",22969,13069,"Pixabay Content License (CC0-like, free for commercial/non-commercial use)"
Pixabay,cat scratching,145308,https://pixabay.com/videos/id-145308/,https://cdn.pixabay.com/video/2023/01/04/145308-786403417_large.mp4,3840,2160,15,"cat, domestic animal, cute, domestic cat, pet, mammal, animal, wildlife",24330,11156,"Pixabay Content License (CC0-like, free for commercial/non-commercial use)"
Pixabay,cat scratching,165303,https://pixabay.com/videos/id-165303/,https://cdn.pixabay.com/video/2023/05/31/165303-832460158_large.mp4,1920,1080,23,"cat, animal, domestic cat, fur, striped, cute, mammal, furry, pet, wildlife, slow motion",24959,12836,"Pixabay Content License (CC0-like, free for commercial/non-commercial use)"
Pixabay,cat scratching,122610,https://pixabay.com/videos/id-122610/,https://cdn.pixabay.com/video/2022/06/30/122610-725894536_large.mp4,3840,2160,21,"cat, domestic cat, pet, striped, cute, beauty care, animal, paw, cleaning, wildlife",18998,11477,"Pixabay Content License (CC0-like, free for commercial/non-commercial use)"
Pixabay,cat scratching,143890,https://pixabay.com/videos/id-143890/,https://cdn.pixabay.com/video/2022/12/22/143890-784164224_large.mp4,3840,2160,25,"cat, cat eyes, animal, pet, kitten eyes, kitten playing, kitty",16961,7033,"Pixabay Content License (CC0-like, free for commercial/non-commercial use)"
Pixabay,cat scratching,85461,https://pixabay.com/videos/id-85461/,https://cdn.pixabay.com/video/2021/08/18/85461-589196039_large.mp4,1920,1080,17,"cat, feline, whiskers, animal, pet, cute",138570,70197,"Pixabay Content License (CC0-like, free for commercial/non-commercial use)"
Pixabay,cat scratching,213130,https://pixabay.com/videos/id-213130/,https://cdn.pixabay.com/video/2024/05/22/213130_large.mp4,2160,3840,22,"tiger, pet, wildlife, animal, cat, nature",73880,30903,"Pixabay Content License (CC0-like, free for commercial/non-commercial use)"
Pixabay,cat scratching,3740,https://pixabay.com/videos/id-3740/,https://cdn.pixabay.com/video/2016/07/07/3740-174173800_large.mp4,1920,1080,48,"cat, british shorthair, chocolatepoint, enjoy, quiet, relax, puss, dear, pet, thoroughbred, shorthair, cute, beige, british, animal, domestic cat, british shorthair cat, watch, dreamy",95593,47304,"Pixabay Content License (CC0-like, free for commercial/non-commercial use)"
Pixabay,cat scratching,131163,https://pixabay.com/videos/id-131163/,https://cdn.pixabay.com/video/2022/09/13/131163-749706772_large.mp4,1920,1080,17,"cat, cleaning, black cat, rest, lick, animal, pet, clean cat, mascot, domestic, home",7466,3470,"Pixabay Content License (CC0-like, free for commercial/non-commercial use)"
Pixabay,cat scratching,165599,https://pixabay.com/videos/id-165599/,https://cdn.pixabay.com/video/2023/06/03/165599-832964021_large.mp4,1920,1080,60,"cafe, cat, forest, animal, pet, cozy",18662,5515,"Pixabay Content License (CC0-like, free for commercial/non-commercial use)"
Pixabay,cat scratching,51358,https://pixabay.com/videos/id-51358/,https://cdn.pixabay.com/video/2020/10/02/51358-464389211_large.mp4,1620,1080,15,"cat, outdoors, stump, nature, cute, animal, october, funny cat, black cat, halloween, autumn, fall season, spooky, rustic, countryside, festive, decoration, pet, harvest, kitten, jack-o-lantern, pumpkin, fall",119723,47514,"Pixabay Content License (CC0-like, free for commercial/non-commercial use)"
Pixabay,cat scratching,130424,https://pixabay.com/videos/id-130424/,https://cdn.pixabay.com/video/2022/09/06/130424-746934892_large.mp4,1920,1080,8,"cat, feline, whiskers, pet, tabby cat, ginger, animal, mammal, close up, eye",26391,11262,"Pixabay Content License (CC0-like, free for commercial/non-commercial use)"
Pixabay,cat scratching,104467,https://pixabay.com/videos/id-104467/,https://cdn.pixabay.com/video/2022/01/14/104467-666197867_large.mp4,3840,2160,10,"cat, pet, domestic cat, black-and-white, animal",8659,3596,"Pixabay Content License (CC0-like, free for commercial/non-commercial use)"
Pixabay,cat scratching,131919,https://pixabay.com/videos/id-131919/,https://cdn.pixabay.com/video/2022/09/20/131919-751934626_large.mp4,1920,1080,12,"cat, kitten, forest, pet, nature, predator, animal",66855,38666,"Pixabay Content License (CC0-like, free for commercial/non-commercial use)"
Pixabay,cat scratching,32037,https://pixabay.com/videos/id-32037/,https://cdn.pixabay.com/video/2020/02/07/32037-390497737_large.mp4,3840,2160,23,"cat, nature, animal, outdoors, pet",60489,40126,"Pixabay Content License (CC0-like, free for commercial/non-commercial use)"
Pixabay,cat scratching,94787,https://pixabay.com/videos/id-94787/,https://cdn.pixabay.com/video/2021/11/06/94787-643084532_large.mp4,3840,2160,11,"cat, domestic cat, pet, cute, domestic animal, white, fall, autumn leaves, forest, animal, wildlife",23833,13175,"Pixabay Content License (CC0-like, free for commercial/non-commercial use)"
Pixabay,cat scratching,22835,https://pixabay.com/videos/id-22835/,https://cdn.pixabay.com/video/2019/04/16/22835-330970621_large.mp4,1920,1080,11,"cat, sleep, cute, animal, pet, home",81730,47940,"Pixabay Content License (CC0-like, free for commercial/non-commercial use)"
Pixabay,cat scratching,85698,https://pixabay.com/videos/id-85698/,https://cdn.pixabay.com/video/2021/08/19/85698-591865318_large.mp4,3840,2160,24,"red panda, little panda, bear cat, mammal, cat-bear, predator, bamboo, cute, endangered, asia, nature",36558,19293,"Pixabay Content License (CC0-like, free for commercial/non-commercial use)"
Pixabay,cat scratching,116648,https://pixabay.com/videos/id-116648/,https://cdn.pixabay.com/video/2022/05/11/116648-708909801_large.mp4,1920,1080,13,"cat, pet, green screen, green, nature, animal",154876,81530,"Pixabay Content License (CC0-like, free for commercial/non-commercial use)"
Pixabay,cat scratching,20834,https://pixabay.com/videos/id-20834/,https://cdn.pixabay.com/video/2019/01/19/20834-312432055_large.mp4,1906,1080,11,"cat eye nebula, nebula, universe",42144,17550,"Pixabay Content License (CC0-like, free for commercial/non-commercial use)"
Pixabay,cat grooming,85464,https://pixabay.com/videos/id-85464/,https://cdn.pixabay.com/video/2021/08/18/85464-589196049_large.mp4,1920,1080,20,"cat, feline, whiskers, grooming, animal, pet, cute",48967,29730,"Pixabay Content License (CC0-like, free for commercial/non-commercial use)"
Pixabay,cat grooming,149552,https://pixabay.com/videos/id-149552/,https://cdn.pixabay.com/video/2023/02/06/149552-796360086_large.mp4,1920,1080,40,"cat, pet, feline, grooming, relaxing, cute, animal",9761,5654,"Pixabay Content License (CC0-like, free for commercial/non-commercial use)"
Pixabay,cat grooming,215338,https://pixabay.com/videos/id-215338/,https://cdn.pixabay.com/video/2024/06/04/215338_large.mp4,2160,3840,21,"cat, feline, pet, kitten, mammal, grooming, animal",13238,4652,"Pixabay Content License (CC0-like, free for commercial/non-commercial use)"
Pixabay,cat grooming,165868,https://pixabay.com/videos/id-165868/,https://cdn.pixabay.com/video/2023/06/05/165868-833909313_large.mp4,1920,1080,5,"cat, pet, feline, whiskers, fur, animal, grooming, fence, cute",3430,1686,"Pixabay Content License (CC0-like, free for commercial/non-commercial use)"
Pixabay,cat grooming,39848,https://pixabay.com/videos/id-39848/,https://cdn.pixabay.com/video/2020/05/23/39848-424022781_large.mp4,3840,2160,11,"cat, black, feline, sunbaking, animals, funny cat, early, morning, pet, washing, purring, grooming, quadruped, cute, black and white, playful, fur, cleaning, funny, domestic, relax, itch, uncomfortable, discomfort, free clips",24300,8920,"Pixabay Content License (CC0-like, free for commercial/non-commercial use)"
Pixabay,cat grooming,244935,https://pixabay.com/videos/id-244935/,https://cdn.pixabay.com/video/2024/12/04/244935_large.mp4,3840,2160,20,"cheetahs, cats, animals, licking, affection, grooming, fur, tongues",1224,466,"Pixabay Content License (CC0-like, free for commercial/non-commercial use)"
Pixabay,cat grooming,206711,https://pixabay.com/videos/id-206711/,https://cdn.pixabay.com/video/2024/04/03/206711_large.mp4,3840,2160,10,"cat, feline, kitty, pet, grooming, cute, adorable, domestic, happy, home, young, mammal, fur, animal, background",295,103,"Pixabay Content License (CC0-like, free for commercial/non-commercial use)"
Pixabay,cat grooming,316709,https://pixabay.com/videos/id-316709/,https://cdn.pixabay.com/video/2025/11/18/316709_large.mp4,3872,2160,5,"cats, rabbits, birds, hamsters, animals, cute, pet, eating, nibbling, pecking, grooming, close up, macro, relaxing, calming, soothing, minimal, clean background, natural light, peaceful, no people, loop, 4k, vertical video",409,125,"Pixabay Content License (CC0-like, free for commercial/non-commercial use)"
Pixabay,cat grooming,316730,https://pixabay.com/videos/id-316730/,https://cdn.pixabay.com/video/2025/11/18/316730_large.mp4,3872,2160,5,"cats, rabbits, birds, hamsters, animals, cute, pet, eating, nibbling, pecking, grooming, close up, macro, relaxing, calming, soothing, minimal, clean background, natural light, peaceful, no people, loop, 4k, vertical video",634,353,"Pixabay Content License (CC0-like, free for commercial/non-commercial use)"
Pixabay,cat grooming,79722,https://pixabay.com/videos/id-79722/,https://cdn.pixabay.com/video/2021/07/01/79722-570129553_large.mp4,1920,1080,46,"birds, ducks, lake, grooming, avian, ornithology, nature, オシドリ",56243,36721,"Pixabay Content License (CC0-like, free for commercial/non-commercial use)"
Pixabay,cat grooming,200160,https://pixabay.com/videos/id-200160/,https://cdn.pixabay.com/video/2024/02/11/200160-912112416_large.mp4,3840,2160,28,"bird, waterfowl, anatidae, mergellus albellus, male, grooming, japan",2780,917,"Pixabay Content License (CC0-like, free for commercial/non-commercial use)"
Pixabay,cat grooming,215280,https://pixabay.com/videos/id-215280/,https://cdn.pixabay.com/video/2024/06/04/215280_large.mp4,1920,1080,58,"kangaroo, marsupial, animal, grooming, mammal, zoo, australia, australian native, nature",6606,2656,"Pixabay Content License (CC0-like, free for commercial/non-commercial use)"
Pixabay,cat grooming,213133,https://pixabay.com/videos/id-213133/,https://cdn.pixabay.com/video/2024/05/22/213133_large.mp4,3840,2160,16,"bird, warbler, male, territorial claim, grooming, avian, ornithology",1722,519,"Pixabay Content License (CC0-like, free for commercial/non-commercial use)"
Pixabay,cat grooming,28569,https://pixabay.com/videos/id-28569/,https://cdn.pixabay.com/video/2019/11/01/28569-370332756_large.mp4,1920,1080,8,"heron, wading bird, animal, feather, plumage, beak, preening, grooming, water, meadow, habitat, rural",10286,4336,"Pixabay Content License (CC0-like, free for commercial/non-commercial use)"
Pixabay,cat grooming,128579,https://pixabay.com/videos/id-128579/,https://cdn.pixabay.com/video/2022/08/21/128579-741747738_large.mp4,3840,2160,29,"bird, river, swan, cleaning, grooming, plumage, feathers",992,382,"Pixabay Content License (CC0-like, free for commercial/non-commercial use)"
Pixabay,cat licking,264361,https://pixabay.com/videos/id-264361/,https://cdn.pixabay.com/video/2025/03/13/264361_large.mp4,1080,1920,5,"cheetah, male cheetah, predator, feast, licking, savannah, wildlife, big cat, africa, wild animal, hunting, survival, carnivore, nature, fierce, alert, cleaning",4346,2096,"Pixabay Content License (CC0-like, free for commercial/non-commercial use)"
Pixabay,cat licking,23222,https://pixabay.com/videos/id-23222/,https://cdn.pixabay.com/video/2019/05/01/23222-333604617_large.mp4,1920,1080,18,"lion, lick, fur care, smooch, zoo, big cat, dangerous, female, cuddle, lioness",49577,28756,"Pixabay Content License (CC0-like, free for commercial/non-commercial use)"
Pixabay,cat licking,162380,https://pixabay.com/videos/id-162380/,https://cdn.pixabay.com/video/2023/05/09/162380-825277025_large.mp4,1920,1080,28,"cat, animal, nature, hair licking, teeth, mammal",1690,1004,"Pixabay Content License (CC0-like, free for commercial/non-commercial use)"
Pixabay,cat licking,131559,https://pixabay.com/videos/id-131559/,https://cdn.pixabay.com/video/2022/09/16/131559-750721068_large.mp4,1920,1080,20,"cat, licking, washing, cute, home, fur, animal",2411,1142,"Pixabay Content License (CC0-like, free for commercial/non-commercial use)"
Pixabay,cat licking,48406,https://pixabay.com/videos/id-48406/,https://cdn.pixabay.com/video/2020/08/27/48406-454346691_large.mp4,3840,2160,12,"cat, clean, cute, maintenance, domesticated, lick, tongue, funny cat, fur, relaxation, fun, yoga, animal, domestic animal, cat tongue",26958,10762,"Pixabay Content License (CC0-like, free for commercial/non-commercial use)"
Pixabay,cat licking,341308,https://pixabay.com/videos/id-341308/,https://cdn.pixabay.com/video/2026/03/20/341308_large.mp4,3872,2160,5,"snow leopard, animal, wildlife, predator, cat, feline, leopard, snow, mountain, cave, blue eyes, tongue, lick, close up, portrait, fur, spots, nature, hunter, winter, cold, rare, endangered, wild, majestic",274,217,"Pixabay Content License (CC0-like, free for commercial/non-commercial use)"
Pixabay,cat licking,341310,https://pixabay.com/videos/id-341310/,https://cdn.pixabay.com/video/2026/03/20/341310_large.mp4,3872,2160,5,"snow leopard, animal, wildlife, predator, cat, feline, leopard, snow, mountain, cave, blue eyes, tongue, lick, close up, portrait, fur, spots, nature, hunter, winter, cold, rare, endangered, wild, majestic, ai generated",155,67,"Pixabay Content License (CC0-like, free for commercial/non-commercial use)"
Pixabay,cat licking,142997,https://pixabay.com/videos/id-142997/,https://cdn.pixabay.com/video/2022/12/15/142997-781982500_large.mp4,3840,2160,25,"tiger, predator, mammal, yawning, licking, wildlife, animal",14544,6883,"Pixabay Content License (CC0-like, free for commercial/non-commercial use)"
Pixabay,cat licking,332799,https://pixabay.com/videos/id-332799/,https://cdn.pixabay.com/video/2026/02/05/332799_large.mp4,1920,1080,9,"pug, dog, pet, swag, animal, pug licking",1367,754,"Pixabay Content License (CC0-like, free for commercial/non-commercial use)"
Pixabay,cat licking,228026,https://pixabay.com/videos/id-228026/,https://cdn.pixabay.com/video/2024/08/23/228026_large.mp4,3840,2160,26,"fawn, deer, nature, animals, baby, wild, wildlife, licking, tongue",5192,2493,"Pixabay Content License (CC0-like, free for commercial/non-commercial use)"
Pixabay,cat licking,131926,https://pixabay.com/videos/id-131926/,https://cdn.pixabay.com/video/2022/09/20/131926-751915224_large.mp4,1920,1080,14,"goat, kid, young animal, mammal, head, horns, chain, licking",12561,5260,"Pixabay Content License (CC0-like, free for commercial/non-commercial use)"
Pixabay,cat licking,123411,https://pixabay.com/videos/id-123411/,https://cdn.pixabay.com/video/2022/07/07/123411-727986638_large.mp4,1920,1080,6,"horse, pony, animal, mammal, licking, biting, care, meadow, rural",13033,3975,"Pixabay Content License (CC0-like, free for commercial/non-commercial use)"
Pixabay,cat licking,133189,https://pixabay.com/videos/id-133189/,https://cdn.pixabay.com/video/2022/10/01/133189-756023109_large.mp4,1920,1080,28,"cow, cattle, scottish highlander, animal, mammal, shaggy, horns, nose, licking, resting",9333,4668,"Pixabay Content License (CC0-like, free for commercial/non-commercial use)"
Pixabay,cat licking,15304,https://pixabay.com/videos/id-15304/,https://cdn.pixabay.com/video/2018/03/31/15304-262921863_large.mp4,1920,1080,16,"dog, pet, animal, small, furry, cute, fur, brown, looking, look, posing, adorable, portrait, cleaned up, licking, tense, calm",44431,25922,"Pixabay Content License (CC0-like, free for commercial/non-commercial use)"
Pixabay,cat licking,215087,https://pixabay.com/videos/id-215087/,https://cdn.pixabay.com/video/2024/06/03/215087_large.mp4,3840,2160,70,"chipmunk, squirrel, rodent, wildlife, close-up, animal, outdoors, forest, woodland, striped, furry, pouch, foraging, curious, cute, adorable, wild, macro, licking, paw, nature",1213,430,"Pixabay Content License (CC0-like, free for commercial/non-commercial use)"
Pixabay,cat licking,215082,https://pixabay.com/videos/id-215082/,https://cdn.pixabay.com/video/2024/06/03/215082_large.mp4,3840,2160,51,"chipmunk, squirrel, rodent, wildlife, close-up, animal, outdoors, forest, striped, furry, pouch, foraging, curious, cute, adorable, wild, nature, tree, eating, feeding, macro, licking, cleaning, paw",1732,790,"Pixabay Content License (CC0-like, free for commercial/non-commercial use)"
Pixabay,cat licking paw,84757,https://pixabay.com/videos/id-84757/,https://cdn.pixabay.com/video/2021/08/11/84757-587795140_large.mp4,4096,2160,12,"dog, cat, puppy, cartoon, portrait, eyes, animal, pet, pets, cute, paw, farm, groundhog, silhouette",43398,19755,"Pixabay Content License (CC0-like, free for commercial/non-commercial use)"
Pixabay,cat licking paw,94323,https://pixabay.com/videos/id-94323/,https://cdn.pixabay.com/video/2021/11/02/94323-643067697_large.mp4,3840,2160,53,"cat, mammal, youth, fur, pet, paw, claw, wild, garden, head, animal, cute, portrait",9178,4911,"Pixabay Content License (CC0-like, free for commercial/non-commercial use)"
Pixabay,cat licking paw,94319,https://pixabay.com/videos/id-94319/,https://cdn.pixabay.com/video/2021/11/02/94319-643067688_large.mp4,3840,2160,60,"cat, pet, animal, cute, mammal, youth, fur, paw, claw, wild, garden, park, food, portrait",8081,4485,"Pixabay Content License (CC0-like, free for commercial/non-commercial use)"
Pixabay,cat licking paw,236714,https://pixabay.com/videos/id-236714/,https://cdn.pixabay.com/video/2024/10/17/236714_large.mp4,2160,3840,17,"cat, kitty, head, animal, mammal, fur, pet, cute, eyes, tail, wall, city, garden, paw, ear, nature",7167,3097,"Pixabay Content License (CC0-like, free for commercial/non-commercial use)"
Pixabay,cat licking paw,94581,https://pixabay.com/videos/id-94581/,https://cdn.pixabay.com/video/2021/11/04/94581-644694407_large.mp4,3840,2160,43,"cat, kitty, paw, portrait, animal, fur, pet, nose, eyelash, mammal, beautiful, claw, daytime, wild, out, table",5418,3019,"Pixabay Content License (CC0-like, free for commercial/non-commercial use)"
Pixabay,cat licking paw,94580,https://pixabay.com/videos/id-94580/,https://cdn.pixabay.com/video/2021/11/04/94580-644694405_large.mp4,3840,2160,60,"cat, kitty, paw, portrait, animal, fur, nose, eyelash, mammal, beautiful, claw, daytime, wild, out, table, sleep, pet, tired, pets, relax",16092,8287,"Pixabay Content License (CC0-like, free for commercial/non-commercial use)"
Pixabay,cat licking paw,297710,https://pixabay.com/videos/id-297710/,https://cdn.pixabay.com/video/2025/08/16/297710_large.mp4,1920,1080,59,"cat, animal, mammal, scott, fur, kitty, tabby, curious, head, cute, whiskers, paw, pet, naughty, eyes, ear, garden, park",891,317,"Pixabay Content License (CC0-like, free for commercial/non-commercial use)"
Pixabay,cat licking paw,95077,https://pixabay.com/videos/id-95077/,https://cdn.pixabay.com/video/2021/11/08/95077-644716518_large.mp4,3840,2160,56,"cat, animal, cute, fur, eyes, view, portrait, garden, wild, pets, paw, claw, ear, nose, table, nature, mammal, pet, kitty, small, baby",16294,7840,"Pixabay Content License (CC0-like, free for commercial/non-commercial use)"
Pixabay,cat licking paw,95091,https://pixabay.com/videos/id-95091/,https://cdn.pixabay.com/video/2021/11/08/95091-644716579_large.mp4,3840,2160,60,"cat, animal, cute, fur, eyes, view, portrait, garden, wild, pets, pet, paw, claw, ear, nose, table, nature, mammal, kitty, small, baby",7121,3438,"Pixabay Content License (CC0-like, free for commercial/non-commercial use)"
Pixabay,cat licking paw,95076,https://pixabay.com/videos/id-95076/,https://cdn.pixabay.com/video/2021/11/08/95076-644716516_large.mp4,3840,2160,60,"cat, animal, cute, fur, eyes, view, portrait, garden, wild, pets, paw, claw, ear, nose, table, nature, mammal, kitty, small, pet, baby, tail, to sit",9380,4409,"Pixabay Content License (CC0-like, free for commercial/non-commercial use)"
Pixabay,cat licking paw,235499,https://pixabay.com/videos/id-235499/,https://cdn.pixabay.com/video/2024/10/09/235499_large.mp4,3840,2160,35,"cat, mammal, animal, pet, fur, kitty, cute, head, face, eyes, paws, whiskers, sunny, nature",2747,1298,"Pixabay Content License (CC0-like, free for commercial/non-commercial use)"
Pixabay,cat licking paw,27367,https://pixabay.com/videos/id-27367/,https://cdn.pixabay.com/video/2019/09/30/27367-363302530_large.mp4,3840,2160,53,"wolf, animal, wildlife, nature, forest, trees, predator, mammal, atmosphere, wolves, wild, canine, carnivores, fur, paw, grey, atmospheric",61139,34796,"Pixabay Content License (CC0-like, free for commercial/non-commercial use)"
Pixabay,cat itching,124073,https://pixabay.com/videos/id-124073/,https://cdn.pixabay.com/video/2022/07/13/124073-729857718_large.mp4,1920,1080,13,"goat, kid, barn, straw, itch, mammal, animal",11528,4036,"Pixabay Content License (CC0-like, free for commercial/non-commercial use)"
Pixabay,cat itching,138220,https://pixabay.com/videos/id-138220/,https://cdn.pixabay.com/video/2022/11/08/138220-769485907_large.mp4,1920,1080,11,"cat, pet, sleeping, animal, adorable, cute",6863,1905,"Pixabay Content License (CC0-like, free for commercial/non-commercial use)"
Pixabay,cat itching,39889,https://pixabay.com/videos/id-39889/,https://cdn.pixabay.com/video/2020/05/23/39889-423345726_large.mp4,3840,2160,21,"cat, garden, pet, animal, nature",29456,18616,"Pixabay Content License (CC0-like, free for commercial/non-commercial use)"
Pixabay,cat itching,20830,https://pixabay.com/videos/id-20830/,https://cdn.pixabay.com/video/2019/01/19/20830-312432035_large.mp4,1920,1080,7,"pet, kitty, puss, domestic cat, pussycat, funny kitten, scottish, fold cat, striped, brown, lazy, young, baby, youngling, cute, care, caress, tenderness, melancholy, cutie, sweet, harmony, foot, funny cat, finger, slow motion",140945,54921,"Pixabay Content License (CC0-like, free for commercial/non-commercial use)"
Pixabay,cat itching,95541,https://pixabay.com/videos/id-95541/,https://cdn.pixabay.com/video/2021/11/12/95541-645704530_large.mp4,3840,2160,23,"cat, feline, whiskers, pet, animal",19713,11194,"Pixabay Content License (CC0-like, free for commercial/non-commercial use)"
Pixabay,cat itching,161726,https://pixabay.com/videos/id-161726/,https://cdn.pixabay.com/video/2023/05/05/161726-824133858_large.mp4,3840,2160,10,"cat, kitten, playing cat, playing kitten, pet, animal, play, kitty, farmer kitty, farmer kitten",14011,4833,"Pixabay Content License (CC0-like, free for commercial/non-commercial use)"
Pixabay,cat scratching post,27748,https://pixabay.com/videos/id-27748/,https://cdn.pixabay.com/video/2019/10/11/27748-365891016_large.mp4,1920,1080,9,"nile goose, duck, water bird, water, post, standing, balance, feather, plumage, beak",6953,2942,"Pixabay Content License (CC0-like, free for commercial/non-commercial use)"
Pixabay,cat scratching post,103330,https://pixabay.com/videos/id-103330/,https://cdn.pixabay.com/video/2022/01/03/103330-662525645_large.mp4,3840,2160,43,"bird, owl, snow, winter, animal, beautiful wallpaper, post, wood, background, screensaver, nature, 4k",15758,5371,"Pixabay Content License (CC0-like, free for commercial/non-commercial use)"
Pixabay,cat lying down,127621,https://pixabay.com/videos/id-127621/,https://cdn.pixabay.com/video/2022/08/11/127621-739144659_large.mp4,3840,2160,17,"cat, kitten, kitty, feline, bed, adorable, close-up, cute, domestic, domestic cat, floor lamp, animal, focus, fur, indoors, lazy, lying, lying down, mammal, pet, relax, resting, sleeping, sleepy, tabby cat",25433,12213,"Pixabay Content License (CC0-like, free for commercial/non-commercial use)"
Pixabay,cat lying down,2957,https://pixabay.com/videos/id-2957/,https://cdn.pixabay.com/video/2016/05/02/2957-165012496_large.mp4,1920,1080,17,"lamb, lying down, cute, sheep, white, wool, spring, livestock, farm animals",27504,16482,"Pixabay Content License (CC0-like, free for commercial/non-commercial use)"
Pixabay,cat lying down,179207,https://pixabay.com/videos/id-179207/,https://cdn.pixabay.com/video/2023/09/05/179207-861403607_large.mp4,3840,2160,14,"cow, meadow, pasture, animals on the farm, lying, grass, group, beef, dairy cows, wildlife",92041,32300,"Pixabay Content License (CC0-like, free for commercial/non-commercial use)"
Pixabay,cat lying down,91343,https://pixabay.com/videos/id-91343/,https://cdn.pixabay.com/video/2021/10/08/91343-628462919_large.mp4,3840,2160,18,"puma, predator, dangerous, big cat, animal, lying, tree, wildlife",10314,5627,"Pixabay Content License (CC0-like, free for commercial/non-commercial use)"
Pixabay,cat lying down,327359,https://pixabay.com/videos/id-327359/,https://cdn.pixabay.com/video/2026/01/13/327359_large.mp4,2160,3840,30,"bird, kingfisher, female, down down, wind wind, water surface, winter",6386,3494,"Pixabay Content License (CC0-like, free for commercial/non-commercial use)"
Pixabay,cat lying down,127622,https://pixabay.com/videos/id-127622/,https://cdn.pixabay.com/video/2022/08/11/127622-739144662_large.mp4,3840,2160,10,"dog, pug, purebred, rest, animal, pedigree, pet, close-up, cute, depth of field, dog head, domestic animal, fur, furry, low angle shot, lying down, mammal, pet photography, pet portrait",10269,4696,"Pixabay Content License (CC0-like, free for commercial/non-commercial use)"
Pixabay,cat lying down,94009,https://pixabay.com/videos/id-94009/,https://cdn.pixabay.com/video/2021/10/31/94009-641778604_large.mp4,3840,2160,16,"lynx, predator, dangerous, hunter, carnivores, brush ears, animal, lying, zoo hague, eyes, big cat",8252,4687,"Pixabay Content License (CC0-like, free for commercial/non-commercial use)"
Pixabay,cat lying down,91538,https://pixabay.com/videos/id-91538/,https://cdn.pixabay.com/video/2021/10/10/91538-630895619_large.mp4,3840,2160,14,"wolf, predator, dangerous, wildlife, animal, lying, weary",4945,2590,"Pixabay Content License (CC0-like, free for commercial/non-commercial use)"
Pixabay,cat lying down,206312,https://pixabay.com/videos/id-206312/,https://cdn.pixabay.com/video/2024/03/31/206312_large.mp4,1920,1080,10,"dog, bulldog, 3d, thumbs down, pet, gesture, negative, down, depression, english, british, animal, cartoon",6221,1408,"Pixabay Content License (CC0-like, free for commercial/non-commercial use)"
Pixabay,cat lying down,223249,https://pixabay.com/videos/id-223249/,https://cdn.pixabay.com/video/2024/07/26/223249_large.mp4,3840,2160,16,"cows, meadow, pasture, grass, rural, ruminants, farm animals, lying, agriculture, flowers",3504,1425,"Pixabay Content License (CC0-like, free for commercial/non-commercial use)"
Pixabay,cat lying down,89031,https://pixabay.com/videos/id-89031/,https://cdn.pixabay.com/video/2021/09/19/89031-610952476_large.mp4,3840,2160,14,"bear, brown bear, animal, big, powerful, lying, rock, wildlife, zoo",13434,7919,"Pixabay Content License (CC0-like, free for commercial/non-commercial use)"
Pixabay,cat lying down,110819,https://pixabay.com/videos/id-110819/,https://cdn.pixabay.com/video/2022/03/15/110819-688648817_large.mp4,3840,2160,25,"chamois, gamswild, wild animal, wolf down",2387,993,"Pixabay Content License (CC0-like, free for commercial/non-commercial use)"
Pixabay,cat lying down,90991,https://pixabay.com/videos/id-90991/,https://cdn.pixabay.com/video/2021/10/06/90991-625091813_large.mp4,3840,2160,22,"deer, fallow deer, chew, ruminant, animal, lying, wildlife",5349,2548,"Pixabay Content License (CC0-like, free for commercial/non-commercial use)"
Pixabay,cat lying down,206309,https://pixabay.com/videos/id-206309/,https://cdn.pixabay.com/video/2024/03/31/206309_large.mp4,1920,1080,10,"dog, bulldog, 3d, thumbs down, pet, gesture, negative, down, depression, english, british, animal, cartoon",2831,559,"Pixabay Content License (CC0-like, free for commercial/non-commercial use)"
Pixabay,cat lying down,91079,https://pixabay.com/videos/id-91079/,https://cdn.pixabay.com/video/2021/10/06/91079-625091888_large.mp4,3840,2160,20,"cheetah, predator, lying, teeth, dangerous, carnivores, wildlife, animal park altenfelden",7168,4372,"Pixabay Content License (CC0-like, free for commercial/non-commercial use)"
Pixabay,cat lying down,90992,https://pixabay.com/videos/id-90992/,https://cdn.pixabay.com/video/2021/10/06/90992-625091821_large.mp4,3840,2160,18,"deer, chew, ruminant, animal, fallow deer, wild, wildlife, lying",8496,3534,"Pixabay Content License (CC0-like, free for commercial/non-commercial use)"
Pixabay,cat lying down,85657,https://pixabay.com/videos/id-85657/,https://cdn.pixabay.com/video/2021/08/19/85657-591840687_large.mp4,3840,2160,10,"wild boar, wolf down, snout, wild, pig, bristles, forest animal",7791,4227,"Pixabay Content License (CC0-like, free for commercial/non-commercial use)"
Pixabay,cat lying down,90661,https://pixabay.com/videos/id-90661/,https://cdn.pixabay.com/video/2021/10/03/90661-624026093_large.mp4,3840,2160,19,"wild boar, cub, group, cute, animal, pig, lying, animal park altenfelden, wildlife",10890,6521,"Pixabay Content License (CC0-like, free for commercial/non-commercial use)"
Pixabay,cat lying down,104038,https://pixabay.com/videos/id-104038/,https://cdn.pixabay.com/video/2022/01/11/104038-665045301_large.mp4,3840,2160,36,"eagle, steppe eagle, bird, lying, birds of prey, raptor, grass, wildlife",8775,3819,"Pixabay Content License (CC0-like, free for commercial/non-commercial use)"
Pixabay,cat lying down,133042,https://pixabay.com/videos/id-133042/,https://cdn.pixabay.com/video/2022/09/30/133042-755697063_large.mp4,1920,1080,25,"bear, brown bear, mammal, predator, dangerous, big, strong, lying, rock, slow motion, zoo, wildlife",13716,7308,"Pixabay Content License (CC0-like, free for commercial/non-commercial use)"
Pixabay,cat lying down,85712,https://pixabay.com/videos/id-85712/,https://cdn.pixabay.com/video/2021/08/19/85712-591865310_large.mp4,3840,2160,17,"caterpillar, leaf, butterfly, little fox, nettle, haired, insect, wolf down",6429,3066,"Pixabay Content License (CC0-like, free for commercial/non-commercial use)"
Pixabay,cat lying down,104041,https://pixabay.com/videos/id-104041/,https://cdn.pixabay.com/video/2022/01/11/104041-665045309_large.mp4,1920,1080,25,"bear, brown bear, head, animal, big, furry, lying, dangerous, zoo",6691,3563,"Pixabay Content License (CC0-like, free for commercial/non-commercial use)"
Pixabay,cat lying down,258819,https://pixabay.com/videos/id-258819/,https://cdn.pixabay.com/video/2025/02/17/258819_large.mp4,3840,2160,15,"bird, pigeon, turtledove, stopped, branch, down, natural",2049,887,"Pixabay Content License (CC0-like, free for commercial/non-commercial use)"
Pixabay,cat lying down,90591,https://pixabay.com/videos/id-90591/,https://cdn.pixabay.com/video/2021/10/02/90591-624026012_large.mp4,3840,2160,18,"deer, wild, antler, forest, trees, animal, lying, ruminant, grass, animal park altenfelden",8448,5359,"Pixabay Content License (CC0-like, free for commercial/non-commercial use)"
Pixabay,cat lying down,3908,https://pixabay.com/videos/id-3908/,https://cdn.pixabay.com/video/2016/07/20/3908-175596546_large.mp4,1920,1080,17,"bird house, feed, feeding place, wolf down, birds, flying",10443,4183,"Pixabay Content License (CC0-like, free for commercial/non-commercial use)"
Pixabay,cat lying down,110089,https://pixabay.com/videos/id-110089/,https://cdn.pixabay.com/video/2022/03/08/110089-686125545_large.mp4,1920,1080,42,"chamois, gamswild, wild animal, graze, wolf down, slow motion",2306,958,"Pixabay Content License (CC0-like, free for commercial/non-commercial use)"
Pixabay,cat lying down,85656,https://pixabay.com/videos/id-85656/,https://cdn.pixabay.com/video/2021/08/19/85656-591865430_large.mp4,3840,2160,11,"wild boar, wolf down, snout, forest animal, wild, cute, pig, bristles",5068,2636,"Pixabay Content License (CC0-like, free for commercial/non-commercial use)"
Pixabay,cat lying down,110218,https://pixabay.com/videos/id-110218/,https://cdn.pixabay.com/video/2022/03/09/110218-688187361_large.mp4,3840,2160,21,"chamois, pack of chamois, wild animals, wildlife, wolf down",2551,702,"Pixabay Content License (CC0-like, free for commercial/non-commercial use)"
Pixabay,cat lying down,142300,https://pixabay.com/videos/id-142300/,https://cdn.pixabay.com/video/2022/12/09/142300-779684895_large.mp4,3840,2160,15,"bird, kingfisher, scalpel, down, reflection on the water surface, morning, japan",17038,8020,"Pixabay Content License (CC0-like, free for commercial/non-commercial use)"
Pixabay,cat lying down,90290,https://pixabay.com/videos/id-90290/,https://cdn.pixabay.com/video/2021/09/30/90290-619556498_large.mp4,3840,2160,18,"panda, red panda, animal, cute, furry, leaf, wolf down, hunger",26069,17051,"Pixabay Content License (CC0-like, free for commercial/non-commercial use)"
Pixabay,cat lying down,270213,https://pixabay.com/videos/id-270213/,https://cdn.pixabay.com/video/2025/04/06/270213_large.mp4,3840,2160,9,"animal, chews, fur, wolf down, horns, cattle",1020,199,"Pixabay Content License (CC0-like, free for commercial/non-commercial use)"
Pixabay,cat lying down,200828,https://pixabay.com/videos/id-200828/,https://cdn.pixabay.com/video/2024/02/16/200828-913897695_large.mp4,3840,2160,9,"wild horse, fur, grass, graze, wolf down, nature, maul, animal",2711,978,"Pixabay Content License (CC0-like, free for commercial/non-commercial use)"
Pixabay,cat lying down,46192,https://pixabay.com/videos/id-46192/,https://cdn.pixabay.com/video/2020/08/02/46192-447175463_large.mp4,3840,2160,12,"stork, white stork, bird, animal, plumage, water, cooling down",21796,12955,"Pixabay Content License (CC0-like, free for commercial/non-commercial use)"
Pixabay,cat lying down,90592,https://pixabay.com/videos/id-90592/,https://cdn.pixabay.com/video/2021/10/02/90592-624026015_large.mp4,3840,2160,20,"deer, wild, antler, animal, lying, head, ruminant, chew, animal park altenfelden",2905,1513,"Pixabay Content License (CC0-like, free for commercial/non-commercial use)"
Pixabay,cat lying down,90300,https://pixabay.com/videos/id-90300/,https://cdn.pixabay.com/video/2021/09/30/90300-619556510_large.mp4,3840,2160,28,"cow, ruminant, animal, lying, pasture, grass, meadow, agricultural, dairy cows, wildlife",3952,1952,"Pixabay Content License (CC0-like, free for commercial/non-commercial use)"
Pixabay,cat lying down,93231,https://pixabay.com/videos/id-93231/,https://cdn.pixabay.com/video/2021/10/25/93231-639008516_large.mp4,3840,2160,14,"bear, brown bear, tongue, blue, dangerous, furry, animal, lying, head, teeth, zoo hague, wildlife",9548,5343,"Pixabay Content License (CC0-like, free for commercial/non-commercial use)"
Pixabay,cat lying on floor,186195,https://pixabay.com/videos/id-186195/,https://cdn.pixabay.com/video/2023/10/23/186195-877323695_large.mp4,3840,2160,15,"cow, ruminant, pasture, meadow, nature, animals on the farm, dairy cows, group, landscape",126319,54675,"Pixabay Content License (CC0-like, free for commercial/non-commercial use)"
Pixabay,cat lying on floor,355017,https://pixabay.com/videos/id-355017/,https://cdn.pixabay.com/video/2026/05/27/355017_large.mp4,3840,2160,7,"frog, water, pool, close up, animal, floor, eyes, brackets",262,130,"Pixabay Content License (CC0-like, free for commercial/non-commercial use)"
Pixabay,cat lying on floor,149521,https://pixabay.com/videos/id-149521/,https://cdn.pixabay.com/video/2023/02/06/149521-796359919_large.mp4,1920,1080,54,"cottage, fog, tree, on the branch, sea, bird flying",19354,6483,"Pixabay Content License (CC0-like, free for commercial/non-commercial use)"
Pixabay,cat lying on floor,75835,https://pixabay.com/videos/id-75835/,https://cdn.pixabay.com/video/2021/05/30/75835-557015889_large.mp4,1920,1080,30,"slug, snail, forest, forest floor, movement, environment, nature, animal",3228,1213,"Pixabay Content License (CC0-like, free for commercial/non-commercial use)"
Pixabay,cat shaking head,131551,https://pixabay.com/videos/id-131551/,https://cdn.pixabay.com/video/2022/09/16/131551-750721062_large.mp4,1920,1080,10,"cow, animal, mammal, bovine, shaking head, resting, chewing cud, pasture, meadow",12568,6949,"Pixabay Content License (CC0-like, free for commercial/non-commercial use)"
Pixabay,cat shaking head,167882,https://pixabay.com/videos/id-167882/,https://cdn.pixabay.com/video/2023/06/19/167882-837765426_large.mp4,3840,2160,11,"lion, predator, masculine, cats, mane, head, wildlife, big cat",53165,19219,"Pixabay Content License (CC0-like, free for commercial/non-commercial use)"
Pixabay,cat shaking head,4915,https://pixabay.com/videos/id-4915/,https://cdn.pixabay.com/video/2016/09/03/4915-181329605_large.mp4,1920,1080,16,"cat, animal, head, game, black, eyes, pet, close-up",61876,33894,"Pixabay Content License (CC0-like, free for commercial/non-commercial use)"
Pixabay,cat shaking head,6574,https://pixabay.com/videos/id-6574/,https://cdn.pixabay.com/video/2016/11/27/6574-193379308_large.mp4,1920,1080,19,"horse, animals, head, eyes, equine",194675,66063,"Pixabay Content License (CC0-like, free for commercial/non-commercial use)"
Pixabay,cat shaking head,148947,https://pixabay.com/videos/id-148947/,https://cdn.pixabay.com/video/2023/02/01/148947-795041693_large.mp4,1920,1080,11,"animalcontest, cat, feline, kitten, pet, animal, mammal, head, adorable",4078,2138,"Pixabay Content License (CC0-like, free for commercial/non-commercial use)"
Pixabay,cat shaking head,18244,https://pixabay.com/videos/id-18244/,https://cdn.pixabay.com/video/2018/09/15/18244-290348856_large.mp4,1920,1080,20,"owl, animal, bird, nature, feather, head, eagle owl, raptor, sitting, eyes, bill, animal world",373703,192049,"Pixabay Content License (CC0-like, free for commercial/non-commercial use)"
Pixabay,cat shaking head,99890,https://pixabay.com/videos/id-99890/,https://cdn.pixabay.com/video/2021/12/07/99890-654330867_large.mp4,3840,2160,17,"lion, big cat, head, predator, mane, dangerous, wildlife",42267,17251,"Pixabay Content License (CC0-like, free for commercial/non-commercial use)"
Pixabay,cat shaking head,142005,https://pixabay.com/videos/id-142005/,https://cdn.pixabay.com/video/2022/12/07/142005-779025538_large.mp4,4096,2160,12,"cat, whiskers, domestic, tired, sleepy, pet, house, cute, fur, eyes, head, furry, calm, mammal, animal, portrait",7683,3628,"Pixabay Content License (CC0-like, free for commercial/non-commercial use)"
Pixabay,cat shaking head,4122,https://pixabay.com/videos/id-4122/,https://cdn.pixabay.com/video/2016/08/01/4122-177145595_large.mp4,1920,1080,3,"skull, cat scan, medical, anatomy, x-ray, human, head, brain, patient, examination, cranium, ct, scan, healthcare, body, exam, skeleton",87889,44953,"Pixabay Content License (CC0-like, free for commercial/non-commercial use)"
Pixabay,cat shaking head,297384,https://pixabay.com/videos/id-297384/,https://cdn.pixabay.com/video/2025/08/14/297384_large.mp4,1920,1080,59,"cat, animal, mammal, nature, pet, scott, fur, kitty, curious, head, cute, close, domestic, garden, park",883,414,"Pixabay Content License (CC0-like, free for commercial/non-commercial use)"
Pixabay,cat shaking head,141998,https://pixabay.com/videos/id-141998/,https://cdn.pixabay.com/video/2022/12/07/141998-778907257_large.mp4,3840,2160,17,"cat, feline, whiskers, cute, domestic, house, tired, sleepy, fur, pet, eyes, head, furry, calm, mammal, animal, portrait",5639,2488,"Pixabay Content License (CC0-like, free for commercial/non-commercial use)"
Pixabay,cat shaking head,53486,https://pixabay.com/videos/id-53486/,https://cdn.pixabay.com/video/2020/10/27/53486-473869656_large.mp4,1920,1080,10,"cheetah, wild animal, predator, animal, big cat, head drawing, speed, running, carnivores, dangerous, zoo, slow motion, wildlife",139508,82197,"Pixabay Content License (CC0-like, free for commercial/non-commercial use)"
Pixabay,cat shaking head,102632,https://pixabay.com/videos/id-102632/,https://cdn.pixabay.com/video/2021/12/27/102632-660588573_large.mp4,1920,1080,26,"tiger, head, big cat, predator, dangerous, carnivores, wildcat, zoo, wildlife, zoo hague, slow motion",42413,17768,"Pixabay Content License (CC0-like, free for commercial/non-commercial use)"
Pixabay,cat shaking head,95479,https://pixabay.com/videos/id-95479/,https://cdn.pixabay.com/video/2021/11/11/95479-645704488_large.mp4,3840,2160,60,"cat, pet, portrait, tabby, animal, pets, street, garden, table, beautiful, head, eyelash, nose, whiskers, cute, kitty, mammal, fur, nature, close, sleepy",7585,3845,"Pixabay Content License (CC0-like, free for commercial/non-commercial use)"
Pixabay,cat shaking head,218538,https://pixabay.com/videos/id-218538/,https://cdn.pixabay.com/video/2024/06/28/218538_large.mp4,3840,2160,10,"bird, nandu, wildlife, beak, head, plumage",4041,1182,"Pixabay Content License (CC0-like, free for commercial/non-commercial use)"
Pixabay,cat shaking head,3113,https://pixabay.com/videos/id-3113/,https://cdn.pixabay.com/video/2016/05/11/3113-166279258_large.mp4,1920,1080,19,"pigeon, dove, bird, grey, blossom, head, tree",22823,11433,"Pixabay Content License (CC0-like, free for commercial/non-commercial use)"
Pixabay,cat shaking head,222133,https://pixabay.com/videos/id-222133/,https://cdn.pixabay.com/video/2024/07/20/222133_large.mp4,1920,1080,12,"moose, mammal, head, wildlife",5652,1443,"Pixabay Content License (CC0-like, free for commercial/non-commercial use)"
Pixabay,cat shaking head,127941,https://pixabay.com/videos/id-127941/,https://cdn.pixabay.com/video/2022/08/15/127941-739712346_large.mp4,3840,2160,22,"mouflon, head, horns, wild sheep, aries, wildlife, mammal",6573,2453,"Pixabay Content License (CC0-like, free for commercial/non-commercial use)"
Pixabay,cat shaking head,240662,https://pixabay.com/videos/id-240662/,https://cdn.pixabay.com/video/2024/11/10/240662_large.mp4,3840,2160,13,"kangaroo, marsupial, mammal, head, cute, wildlife",3270,1290,"Pixabay Content License (CC0-like, free for commercial/non-commercial use)"
Pixabay,cat shaking head,159318,https://pixabay.com/videos/id-159318/,https://cdn.pixabay.com/video/2023/04/17/159318-818469368_large.mp4,3840,2160,20,"deer, wild, head, red deer, mammal, wildlife, eye",5254,1884,"Pixabay Content License (CC0-like, free for commercial/non-commercial use)"
Pixabay,cat shaking head,191520,https://pixabay.com/videos/id-191520/,https://cdn.pixabay.com/video/2023/12/01/191520-890522260_large.mp4,1920,1080,19,"giraffe, head, mammal, wildlife, slow motion",12166,4928,"Pixabay Content License (CC0-like, free for commercial/non-commercial use)"
Pixabay,cat shaking head,2717,https://pixabay.com/videos/id-2717/,https://cdn.pixabay.com/video/2016/04/05/2717-161687558_large.mp4,1920,1080,25,"squirrel, head, grey squirrel, eating, feeding, bird feeder, wildlife, fur, nature, wild, brown, gray, grey, paws, rodent, ears, eyes, legs, mouth, seeds, sunflower, tree, cute, outdoors",237863,119125,"Pixabay Content License (CC0-like, free for commercial/non-commercial use)"
Pixabay,cat shaking head,67494,https://pixabay.com/videos/id-67494/,https://cdn.pixabay.com/video/2021/03/09/67494-522170670_large.mp4,3840,2160,38,"bird, feathers, tropical, animal, nature, exotic, head, portrait",4662,2436,"Pixabay Content License (CC0-like, free for commercial/non-commercial use)"
